peptide,lca,superkingdom,kingdom,subkingdom,superphylum,phylum,subphylum,superclass,class,subclass,infraclass,superorder,order,suborder,infraorder,parvorder,superfamily,family,subfamily,tribe,subtribe,genus,subgenus,species group,species subgroup,species,subspecies,varietas,forma,EC,GO (biological process),GO (cellular component),GO (molecular function)
AFLPGSLVDTRPVR,Proteobacteria,Bacteria,,,,Proteobacteria,,,,,,,,,,,,,,,,,,,,,,,,,GO:0006412 (100%),GO:0005840 (100%),GO:0003723 (100%);GO:0003735 (100%)
DVTIEAVNSLYEK,Veillonella,Bacteria,,,,Firmicutes,,,Negativicutes,,,,Veillonellales,,,,,Veillonellaceae,,,,Veillonella,,,,,,,,,GO:0006777 (100%),,
HLPYIGILK,Veillonella,Bacteria,,,,Firmicutes,,,Negativicutes,,,,Veillonellales,,,,,Veillonellaceae,,,,Veillonella,,,,,,,,2.4.2.8 (100%),GO:0006166 (94%);GO:0032264 (94%);GO:0009116 (6%),GO:0005737 (94%),GO:0052657 (94%);GO:0004422 (94%);GO:0000166 (94%)
IAFISGASSGIGK,Bacteria,Bacteria,,,,,,,,,,,,,,,,,,,,,,,,,,,,1.1.1.276 (50%);1.1.1.- (50%),,,GO:0016491 (97%);GO:0031132 (3%)
IGTTGAIQPHINVGDLLVTTGAVR,Pasteurellaceae,Bacteria,,,,Proteobacteria,,,Gammaproteobacteria,,,,Pasteurellales,,,,,Pasteurellaceae,,,,,,,,,,,,2.4.2.3 (100%),GO:0044206 (100%);GO:0009166 (100%),GO:0005737 (100%),GO:0004850 (100%)
IYVGMGSIAAMK,Fusobacterium,Bacteria,,,,Fusobacteria,,,Fusobacteriia,,,,Fusobacteriales,,,,,Fusobacteriaceae,,,,Fusobacterium,,,,,,,,1.1.1.205 (100%),GO:0006177 (100%);GO:0006183 (2%),GO:0005737 (2%),GO:0003938 (100%);GO:0000166 (100%);GO:0046872 (100%)
LFDQTGK,Bacteria,Bacteria,,,,,,,,,,,,,,,,,,,,,,,,,,,,4.1.2.- (100%),GO:0006412 (98%);GO:0046677 (1%);GO:0005975 (1%),GO:0005840 (98%),GO:0003735 (98%);GO:0019843 (97%);GO:0016832 (1%)
MIYLTDAR,Fusobacterium,Bacteria,,,,Fusobacteria,,,Fusobacteriia,,,,Fusobacteriales,,,,,Fusobacteriaceae,,,,Fusobacterium,,,,,,,,6.1.1.19 (100%),GO:0006420 (98%),GO:0005737 (96%),GO:0004814 (98%);GO:0005524 (98%);GO:0016874 (2%)
MSDPVLARPAALR,Bacteria,Bacteria,,,,,,,,,,,,,,,,,,,,,,,,,,,,2.1.1.197 (100%),GO:0009102 (94%),,GO:0102130 (94%);GO:0010340 (94%);GO:0008168 (6%)
MTQETIYQK,Streptococcus gordonii,Bacteria,,,,Firmicutes,,,Bacilli,,,,Lactobacillales,,,,,Streptococcaceae,,,,Streptococcus,,,,Streptococcus gordonii,,,,,,GO:0005737 (100%),GO:0000036 (100%)
NFGMANPEGYR,root,,,,,,,,,,,,,,,,,,,,,,,,,,,,,2.1.3.15 (100%);6.4.1.2 (0%),GO:0006633 (99%);GO:2001295 (98%),GO:0009317 (99%),GO:0003989 (99%);GO:0005524 (98%);GO:0016743 (97%)
SDEASETIPSTPSQMEFAK,Fusobacterium,Bacteria,,,,Fusobacteria,,,Fusobacteriia,,,,Fusobacteriales,,,,,Fusobacteriaceae,,,,Fusobacterium,,,,,,,,3.4.11.4 (100%),GO:0043171 (100%),GO:0005737 (100%),GO:0045148 (100%);GO:0008237 (100%);GO:0008270 (100%)
TVAMDSTDGLK,Bacteria,Bacteria,,,,,,,,,,,,,,,,,,,,,,,,,,,,3.6.3.14 (100%),GO:0015986 (100%),GO:0045261 (100%);GO:0005886 (100%),GO:0005524 (100%);GO:0046933 (100%)
TVETDGYNAIQVGFDDK,Bacteria,Bacteria,,,,,,,,,,,,,,,,,,,,,,,,,,,,,GO:0006412 (100%),GO:0005840 (100%),GO:0019843 (100%);GO:0003735 (100%)
VINGAATSLGR,Bacteria,Bacteria,,,,,,,,,,,,,,,,,,,,,,,,,,,,2.3.1.54 (94%);2.3.1.5 (6%),GO:0005975 (95%);GO:0008152 (1%);GO:0006006 (1%),GO:0005737 (96%),GO:0008861 (97%);GO:0016829 (29%);GO:0004060 (3%)
VQTAIEMPK,Fusobacteriaceae,Bacteria,,,,Fusobacteria,,,Fusobacteriia,,,,Fusobacteriales,,,,,Fusobacteriaceae,,,,,,,,,,,,2.7.4.22 (100%),GO:0044210 (98%),GO:0005737 (98%),GO:0033862 (98%);GO:0005524 (98%);GO:0016301 (2%)
DIAMQIAAVNPTYLNREEVPTEVIEHEK,Veillonella,Bacteria,,,,Firmicutes,,,Negativicutes,,,,Veillonellales,,,,,Veillonellaceae,,,,Veillonella,,,,,,,,,,GO:0005737 (100%),GO:0003746 (100%)
DLFKNPIHPYTK,Bacteria,Bacteria,,,,,,,,,,,,,,,,,,,,,,,,,,,,3.6.3.- (100%),GO:0015833 (96%),,GO:0005524 (100%);GO:0016887 (96%)
EVPDWAAQLNENTNVKGLRIAVPK,Lactobacillus reuteri,Bacteria,,,,Firmicutes,,,Bacilli,,,,Lactobacillales,,,,,Lactobacillaceae,,,,Lactobacillus,,,,Lactobacillus reuteri,,,,6.3.5.7 (100%),GO:0006412 (100%),GO:0030956 (100%),GO:0004040 (100%);GO:0005524 (100%);GO:0050567 (100%)
